iddrugs,drug_name,sr_no,expiry_date,amount,
1,Panadol,1234,12/30/2016 12:00:00 AM,5,
80,kasfksadkfjkfjas sfs,77,5/2/2016 12:00:00 AM,56,
295,Data 213,434,5/2/2016 12:00:00 AM,1212016,
296,Data 214,435,5/2/2016 12:00:00 AM,1222016,
297,Data 215,436,5/2/2016 12:00:00 AM,1232016,
298,Data 216,437,5/2/2016 12:00:00 AM,1242016,
299,Data 217,438,5/2/2016 12:00:00 AM,1252016,
300,Data 218,439,5/2/2016 12:00:00 AM,1262016,
301,Data 219,440,5/2/2016 12:00:00 AM,1272016,
302,Data 220,441,5/2/2016 12:00:00 AM,1282016,
303,Data 221,442,5/2/2016 12:00:00 AM,1292016,
304,Data 222,443,5/2/2016 12:00:00 AM,12102016,
305,Data 223,444,5/2/2016 12:00:00 AM,12112016,
306,Data 224,445,5/2/2016 12:00:00 AM,12122016,
307,Data 225,446,5/2/2016 12:00:00 AM,12132016,
308,Data 226,447,5/2/2016 12:00:00 AM,12142016,
309,Data 227,448,5/2/2016 12:00:00 AM,12152016,
310,Data 228,449,5/2/2016 12:00:00 AM,12162016,
311,Data 229,450,5/2/2016 12:00:00 AM,12172016,
312,Data 230,451,5/2/2016 12:00:00 AM,12182016,
313,Data 231,452,5/2/2016 12:00:00 AM,12192016,
314,Data 232,453,5/2/2016 12:00:00 AM,12202016,
315,Data 233,454,5/2/2016 12:00:00 AM,12212016,
316,Data 234,455,5/2/2016 12:00:00 AM,12222016,
317,Data 235,456,5/2/2016 12:00:00 AM,12232016,
318,Data 236,457,5/2/2016 12:00:00 AM,12242016,
319,Data 237,458,5/2/2016 12:00:00 AM,12252016,
320,Data 238,459,5/2/2016 12:00:00 AM,12262016,
321,Data 239,460,5/2/2016 12:00:00 AM,12272016,
322,Data 240,461,5/2/2016 12:00:00 AM,12282016,
323,Data 241,462,5/2/2016 12:00:00 AM,12292016,
324,Data 242,463,5/2/2016 12:00:00 AM,12302016,
325,Data 243,464,5/2/2016 12:00:00 AM,12312016,
326,Data 244,465,5/2/2016 12:00:00 AM,112017,
327,Data 245,466,5/2/2016 12:00:00 AM,122017,
328,Data 246,467,5/2/2016 12:00:00 AM,132017,
329,Data 247,468,5/2/2016 12:00:00 AM,142017,
330,Data 248,469,5/2/2016 12:00:00 AM,152017,
331,Data 249,470,5/2/2016 12:00:00 AM,162017,
332,Data 250,471,5/2/2016 12:00:00 AM,172017,
333,Data 251,472,5/2/2016 12:00:00 AM,182017,
334,Data 252,473,5/2/2016 12:00:00 AM,192017,
335,Data 253,474,5/2/2016 12:00:00 AM,1102017,
336,Data 254,475,5/2/2016 12:00:00 AM,1112017,
337,Data 255,476,5/2/2016 12:00:00 AM,1122017,
338,Data 256,477,5/2/2016 12:00:00 AM,1132017,
339,Data 257,478,5/2/2016 12:00:00 AM,1142017,
340,Data 258,479,5/2/2016 12:00:00 AM,1152017,
341,Data 259,480,5/2/2016 12:00:00 AM,1162017,
342,Data 260,481,5/2/2016 12:00:00 AM,1172017,
343,Data 261,482,5/2/2016 12:00:00 AM,1182017,
344,Data 262,483,5/2/2016 12:00:00 AM,1192017,
345,Data 263,484,5/2/2016 12:00:00 AM,1202017,
346,Data 264,485,5/2/2016 12:00:00 AM,1212017,
347,Data 265,486,5/2/2016 12:00:00 AM,1222017,
348,Data 266,487,5/2/2016 12:00:00 AM,1232017,
349,Data 267,488,5/2/2016 12:00:00 AM,1242017,
350,Data 268,489,5/2/2016 12:00:00 AM,1252017,
351,Data 269,490,5/2/2016 12:00:00 AM,1262017,
352,Data 270,491,5/2/2016 12:00:00 AM,1272017,
353,Data 271,492,5/2/2016 12:00:00 AM,1282017,
354,Data 272,493,5/2/2016 12:00:00 AM,1292017,
355,Data 273,494,5/2/2016 12:00:00 AM,1302017,
356,Data 274,495,5/2/2016 12:00:00 AM,1312017,
357,Data 275,496,5/2/2016 12:00:00 AM,212017,
358,Data 276,497,5/2/2016 12:00:00 AM,222017,
359,Data 277,498,5/2/2016 12:00:00 AM,232017,
360,Data 278,499,5/2/2016 12:00:00 AM,242017,
361,Data 279,500,5/2/2016 12:00:00 AM,252017,
362,Data 280,501,5/2/2016 12:00:00 AM,262017,
363,Data 281,502,5/2/2016 12:00:00 AM,272017,
364,Data 282,503,5/2/2016 12:00:00 AM,282017,
365,Data 283,504,5/2/2016 12:00:00 AM,292017,
366,Data 284,505,5/2/2016 12:00:00 AM,2102017,
367,Data 285,506,5/2/2016 12:00:00 AM,2112017,
368,Data 286,507,5/2/2016 12:00:00 AM,2122017,
369,Data 287,508,5/2/2016 12:00:00 AM,2132017,
370,Data 288,509,5/2/2016 12:00:00 AM,2142017,
371,Data 289,510,5/2/2016 12:00:00 AM,2152017,
372,Data 290,511,5/2/2016 12:00:00 AM,2162017,
373,Data 291,512,5/2/2016 12:00:00 AM,2172017,
374,Data 292,513,5/2/2016 12:00:00 AM,2182017,
375,Data 293,514,5/2/2016 12:00:00 AM,2192017,
376,Data 294,515,5/2/2016 12:00:00 AM,2202017,
377,Data 295,516,5/2/2016 12:00:00 AM,2212017,
378,Data 296,517,5/2/2016 12:00:00 AM,2222017,
379,Data 297,518,5/2/2016 12:00:00 AM,2232017,
380,Data 298,519,5/2/2016 12:00:00 AM,2242017,
381,Data 299,520,5/2/2016 12:00:00 AM,2252017,
382,Data 300,521,5/2/2016 12:00:00 AM,2262017,
383,Data 301,522,5/2/2016 12:00:00 AM,2272017,
384,Data 302,523,5/2/2016 12:00:00 AM,2282017,
385,Data 303,524,5/2/2016 12:00:00 AM,312017,
386,Data 304,525,5/2/2016 12:00:00 AM,322017,
387,Data 305,526,5/2/2016 12:00:00 AM,332017,
388,Data 306,527,5/2/2016 12:00:00 AM,342017,
389,Data 307,528,5/2/2016 12:00:00 AM,352017,
390,Data 308,529,5/2/2016 12:00:00 AM,362017,
391,Data 309,530,5/2/2016 12:00:00 AM,372017,
392,Data 310,531,5/2/2016 12:00:00 AM,382017,
393,Data 311,532,5/2/2016 12:00:00 AM,392017,
394,Data 312,533,5/2/2016 12:00:00 AM,3102017,
395,Data 313,534,5/2/2016 12:00:00 AM,3112017,
396,Data 314,535,5/2/2016 12:00:00 AM,3122017,
397,Data 315,536,5/2/2016 12:00:00 AM,3132017,
398,Data 316,537,5/2/2016 12:00:00 AM,3142017,
399,Data 317,538,5/2/2016 12:00:00 AM,3152017,
400,Data 318,539,5/2/2016 12:00:00 AM,3162017,
401,Data 319,540,5/2/2016 12:00:00 AM,3172017,
402,Data 320,541,5/2/2016 12:00:00 AM,3182017,
403,Data 321,542,5/2/2016 12:00:00 AM,3192017,
404,Data 322,543,5/2/2016 12:00:00 AM,3202017,
405,Data 323,544,5/2/2016 12:00:00 AM,3212017,
406,Data 324,545,5/2/2016 12:00:00 AM,3222017,
407,Data 325,546,5/2/2016 12:00:00 AM,3232017,
408,Data 326,547,5/2/2016 12:00:00 AM,3242017,
409,Data 327,548,5/2/2016 12:00:00 AM,3252017,
410,Data 328,549,5/2/2016 12:00:00 AM,3262017,
411,Data 329,550,5/2/2016 12:00:00 AM,3272017,
412,Data 330,551,5/2/2016 12:00:00 AM,3282017,
413,Data 331,552,5/2/2016 12:00:00 AM,3292017,
414,Data 332,553,5/2/2016 12:00:00 AM,3302017,
415,Data 333,554,5/2/2016 12:00:00 AM,3312017,
416,Data 334,555,5/2/2016 12:00:00 AM,412017,
417,Data 335,556,5/2/2016 12:00:00 AM,422017,
418,Data 336,557,5/2/2016 12:00:00 AM,432017,
419,Data 337,558,5/2/2016 12:00:00 AM,442017,
420,Data 338,559,5/2/2016 12:00:00 AM,452017,
421,Data 339,560,5/2/2016 12:00:00 AM,462017,
422,Data 340,561,5/2/2016 12:00:00 AM,472017,
423,Data 341,562,5/2/2016 12:00:00 AM,482017,
424,Data 342,563,5/2/2016 12:00:00 AM,492017,
425,Data 343,564,5/2/2016 12:00:00 AM,4102017,
426,Data 344,565,5/2/2016 12:00:00 AM,4112017,
427,Data 345,566,5/2/2016 12:00:00 AM,4122017,
428,Data 346,567,5/2/2016 12:00:00 AM,4132017,
429,Data 347,568,5/2/2016 12:00:00 AM,4142017,
430,Data 348,569,5/2/2016 12:00:00 AM,4152017,
431,Data 349,570,5/2/2016 12:00:00 AM,4162017,
432,Data 350,571,5/2/2016 12:00:00 AM,4172017,
433,Data 351,572,5/2/2016 12:00:00 AM,4182017,
434,Data 352,573,5/2/2016 12:00:00 AM,4192017,
435,Data 353,574,5/2/2016 12:00:00 AM,4202017,
436,Data 354,575,5/2/2016 12:00:00 AM,4212017,
437,Data 355,576,5/2/2016 12:00:00 AM,4222017,
438,Data 356,577,5/2/2016 12:00:00 AM,4232017,
439,Data 357,578,5/2/2016 12:00:00 AM,4242017,
440,Data 358,579,5/2/2016 12:00:00 AM,4252017,
441,Data 359,580,5/2/2016 12:00:00 AM,4262017,
442,Data 360,581,5/2/2016 12:00:00 AM,4272017,
443,Data 361,582,5/2/2016 12:00:00 AM,4282017,
444,Data 362,583,5/2/2016 12:00:00 AM,4292017,
445,Data 363,584,5/2/2016 12:00:00 AM,4302017,
446,Data 364,585,5/2/2016 12:00:00 AM,512017,
447,Data 365,586,5/2/2016 12:00:00 AM,522017,
448,Data 366,587,5/2/2016 12:00:00 AM,532017,
449,Data 367,588,5/2/2016 12:00:00 AM,542017,
450,Data 368,589,5/2/2016 12:00:00 AM,552017,
451,Data 369,590,5/2/2016 12:00:00 AM,562017,
452,Data 370,591,5/2/2016 12:00:00 AM,572017,
453,Data 371,592,5/2/2016 12:00:00 AM,582017,
454,Data 372,593,5/2/2016 12:00:00 AM,592017,
455,Data 373,594,5/2/2016 12:00:00 AM,5102017,
456,Data 374,595,5/2/2016 12:00:00 AM,5112017,
457,Data 375,596,5/2/2016 12:00:00 AM,5122017,
458,Data 376,597,5/2/2016 12:00:00 AM,5132017,
459,Data 377,598,5/2/2016 12:00:00 AM,5142017,
460,Data 378,599,5/2/2016 12:00:00 AM,5152017,
461,Data 379,600,5/2/2016 12:00:00 AM,5162017,
462,Data 380,601,5/2/2016 12:00:00 AM,5172017,
463,Data 381,602,5/2/2016 12:00:00 AM,5182017,
464,Data 382,603,5/2/2016 12:00:00 AM,5192017,
465,Data 383,604,5/2/2016 12:00:00 AM,5202017,
466,Data 384,605,5/2/2016 12:00:00 AM,5212017,
467,Data 385,606,5/2/2016 12:00:00 AM,5222017,
468,Data 386,607,5/2/2016 12:00:00 AM,5232017,
469,Data 387,608,5/2/2016 12:00:00 AM,5242017,
470,Data 388,609,5/2/2016 12:00:00 AM,5252017,
471,Data 389,610,5/2/2016 12:00:00 AM,5262017,
472,Data 390,611,5/2/2016 12:00:00 AM,5272017,
473,Data 391,612,5/2/2016 12:00:00 AM,5282017,
474,Data 392,613,5/2/2016 12:00:00 AM,5292017,
475,Data 393,614,5/2/2016 12:00:00 AM,5302017,
476,Data 394,615,5/2/2016 12:00:00 AM,5312017,
477,Data 395,616,5/2/2016 12:00:00 AM,612017,
478,Data 396,617,5/2/2016 12:00:00 AM,622017,
479,Data 397,618,5/2/2016 12:00:00 AM,632017,
480,Data 398,619,5/2/2016 12:00:00 AM,642017,
481,Data 399,620,5/2/2016 12:00:00 AM,652017,
482,Data 400,621,5/2/2016 12:00:00 AM,662017,
483,Data 401,622,5/2/2016 12:00:00 AM,672017,
484,Data 402,623,5/2/2016 12:00:00 AM,682017,
485,Data 403,624,5/2/2016 12:00:00 AM,692017,
486,Data 404,625,5/2/2016 12:00:00 AM,6102017,
487,Data 405,626,5/2/2016 12:00:00 AM,6112017,
488,Data 406,627,5/2/2016 12:00:00 AM,6122017,
489,Data 407,628,5/2/2016 12:00:00 AM,6132017,
490,Data 408,629,5/2/2016 12:00:00 AM,6142017,
491,Data 409,630,5/2/2016 12:00:00 AM,6152017,
492,Data 410,631,5/2/2016 12:00:00 AM,6162017,
493,Data 411,632,5/2/2016 12:00:00 AM,6172017,
494,Data 412,633,5/2/2016 12:00:00 AM,6182017,
495,Data 413,634,5/2/2016 12:00:00 AM,6192017,
496,Data 414,635,5/2/2016 12:00:00 AM,6202017,
497,Data 415,636,5/2/2016 12:00:00 AM,6212017,
498,Data 416,637,5/2/2016 12:00:00 AM,6222017,
499,Data 417,638,5/2/2016 12:00:00 AM,6232017,
500,Data 418,639,5/2/2016 12:00:00 AM,6242017,
501,Data 419,640,5/2/2016 12:00:00 AM,6252017,
502,Data 420,641,5/2/2016 12:00:00 AM,6262017,
503,Data 421,642,5/2/2016 12:00:00 AM,6272017,
504,Data 422,643,5/2/2016 12:00:00 AM,6282017,
505,Data 423,644,5/2/2016 12:00:00 AM,6292017,
506,Data 424,645,5/2/2016 12:00:00 AM,6302017,
507,Data 425,646,5/2/2016 12:00:00 AM,712017,
508,Data 426,647,5/2/2016 12:00:00 AM,722017,
509,Data 427,648,5/2/2016 12:00:00 AM,732017,
510,Data 428,649,5/2/2016 12:00:00 AM,742017,
511,Data 429,650,5/2/2016 12:00:00 AM,752017,
512,Data 430,651,5/2/2016 12:00:00 AM,762017,
513,Data 431,652,5/2/2016 12:00:00 AM,772017,
514,Data 432,653,5/2/2016 12:00:00 AM,782017,
515,Data 433,654,5/2/2016 12:00:00 AM,792017,
516,Data 434,655,5/2/2016 12:00:00 AM,7102017,
517,Data 435,656,5/2/2016 12:00:00 AM,7112017,
518,Data 436,657,5/2/2016 12:00:00 AM,7122017,
519,Data 437,658,5/2/2016 12:00:00 AM,7132017,
520,Data 438,659,5/2/2016 12:00:00 AM,7142017,
521,Data 439,660,5/2/2016 12:00:00 AM,7152017,
522,Data 440,661,5/2/2016 12:00:00 AM,7162017,
523,Data 441,662,5/2/2016 12:00:00 AM,7172017,
524,Data 442,663,5/2/2016 12:00:00 AM,7182017,
525,Data 443,664,5/2/2016 12:00:00 AM,7192017,
526,Data 444,665,5/2/2016 12:00:00 AM,7202017,
527,Data 445,666,5/2/2016 12:00:00 AM,7212017,
528,Data 446,667,5/2/2016 12:00:00 AM,7222017,
529,Data 447,668,5/2/2016 12:00:00 AM,7232017,
530,Data 448,669,5/2/2016 12:00:00 AM,7242017,
531,Data 449,670,5/2/2016 12:00:00 AM,7252017,
532,Data 450,671,5/2/2016 12:00:00 AM,7262017,
533,Data 451,672,5/2/2016 12:00:00 AM,7272017,
534,Data 452,673,5/2/2016 12:00:00 AM,7282017,
535,Data 453,674,5/2/2016 12:00:00 AM,7292017,
536,Data 454,675,5/2/2016 12:00:00 AM,7302017,
537,Data 455,676,5/2/2016 12:00:00 AM,7312017,
538,Data 456,677,5/2/2016 12:00:00 AM,812017,
539,Data 457,678,5/2/2016 12:00:00 AM,822017,
540,Data 458,679,5/2/2016 12:00:00 AM,832017,
541,Data 459,680,5/2/2016 12:00:00 AM,842017,
542,Data 460,681,5/2/2016 12:00:00 AM,852017,
543,Data 461,682,5/2/2016 12:00:00 AM,862017,
544,Data 462,683,5/2/2016 12:00:00 AM,872017,
545,Data 463,684,5/2/2016 12:00:00 AM,882017,
546,Data 464,685,5/2/2016 12:00:00 AM,892017,
547,Data 465,686,5/2/2016 12:00:00 AM,8102017,
548,Data 466,687,5/2/2016 12:00:00 AM,8112017,
549,Data 467,688,5/2/2016 12:00:00 AM,8122017,
550,Data 468,689,5/2/2016 12:00:00 AM,8132017,
551,Data 469,690,5/2/2016 12:00:00 AM,8142017,
552,Data 470,691,5/2/2016 12:00:00 AM,8152017,
553,Data 471,692,5/2/2016 12:00:00 AM,8162017,
554,Data 472,693,5/2/2016 12:00:00 AM,8172017,
555,Data 473,694,5/2/2016 12:00:00 AM,8182017,
556,Data 474,695,5/2/2016 12:00:00 AM,8192017,
557,Data 475,696,5/2/2016 12:00:00 AM,8202017,
558,Data 476,697,5/2/2016 12:00:00 AM,8212017,
559,Data 477,698,5/2/2016 12:00:00 AM,8222017,
560,Data 478,699,5/2/2016 12:00:00 AM,8232017,
561,Data 479,700,5/2/2016 12:00:00 AM,8242017,
562,Data 480,701,5/2/2016 12:00:00 AM,8252017,
563,Data 481,702,5/2/2016 12:00:00 AM,8262017,
564,Data 482,703,5/2/2016 12:00:00 AM,8272017,
565,Data 483,704,5/2/2016 12:00:00 AM,8282017,
566,Data 484,705,5/2/2016 12:00:00 AM,8292017,
567,Data 485,706,5/2/2016 12:00:00 AM,8302017,
568,Data 486,707,5/2/2016 12:00:00 AM,8312017,
569,Data 487,708,5/2/2016 12:00:00 AM,912017,
570,Data 488,709,5/2/2016 12:00:00 AM,922017,
571,Data 489,710,5/2/2016 12:00:00 AM,932017,
572,Data 490,711,5/2/2016 12:00:00 AM,942017,
573,Data 491,712,5/2/2016 12:00:00 AM,952017,
574,Data 492,713,5/2/2016 12:00:00 AM,962017,
575,Data 493,714,5/2/2016 12:00:00 AM,972017,
576,Data 494,715,5/2/2016 12:00:00 AM,982017,
577,Data 495,716,5/2/2016 12:00:00 AM,992017,
578,Data 496,717,5/2/2016 12:00:00 AM,9102017,
579,Data 497,718,5/2/2016 12:00:00 AM,9112017,
580,Data 498,719,5/2/2016 12:00:00 AM,9122017,
581,Data 499,720,5/2/2016 12:00:00 AM,9132017,
582,Data 500,721,5/2/2016 12:00:00 AM,9142017,
583,Data 501,722,5/2/2016 12:00:00 AM,9152017,
584,Data 502,723,5/2/2016 12:00:00 AM,9162017,
585,Data 503,724,5/2/2016 12:00:00 AM,9172017,
586,Data 504,725,5/2/2016 12:00:00 AM,9182017,
587,Data 505,726,5/2/2016 12:00:00 AM,9192017,
588,Data 506,727,5/2/2016 12:00:00 AM,9202017,
589,Data 507,728,5/2/2016 12:00:00 AM,9212017,
590,Data 508,729,5/2/2016 12:00:00 AM,9222017,
591,Data 509,730,5/2/2016 12:00:00 AM,9232017,
592,Data 510,731,5/2/2016 12:00:00 AM,9242017,
593,Data 511,732,5/2/2016 12:00:00 AM,9252017,
594,Data 512,733,5/2/2016 12:00:00 AM,9262017,
595,Data 513,734,5/2/2016 12:00:00 AM,9272017,
596,Data 514,735,5/2/2016 12:00:00 AM,9282017,
597,Data 515,736,5/2/2016 12:00:00 AM,9292017,
598,Data 516,737,5/2/2016 12:00:00 AM,9302017,
599,Data 517,738,5/2/2016 12:00:00 AM,1012017,
600,Data 518,739,5/2/2016 12:00:00 AM,1022017,
601,Data 519,740,5/2/2016 12:00:00 AM,1032017,
602,Data 520,741,5/2/2016 12:00:00 AM,1042017,
603,Data 521,742,5/2/2016 12:00:00 AM,1052017,
604,Data 522,743,5/2/2016 12:00:00 AM,1062017,
605,Data 523,744,5/2/2016 12:00:00 AM,1072017,
606,Data 524,745,5/2/2016 12:00:00 AM,1082017,
607,Data 525,746,5/2/2016 12:00:00 AM,1092017,
608,Data 526,747,5/2/2016 12:00:00 AM,10102017,
609,Data 527,748,5/2/2016 12:00:00 AM,10112017,
610,Data 528,749,5/2/2016 12:00:00 AM,10122017,
611,Data 529,750,5/2/2016 12:00:00 AM,10132017,
612,Data 530,751,5/2/2016 12:00:00 AM,10142017,
613,Data 531,752,5/2/2016 12:00:00 AM,10152017,
614,Data 532,753,5/2/2016 12:00:00 AM,10162017,
615,Data 533,754,5/2/2016 12:00:00 AM,10172017,
616,Data 534,755,5/2/2016 12:00:00 AM,10182017,
617,Data 535,756,5/2/2016 12:00:00 AM,10192017,
618,Data 536,757,5/2/2016 12:00:00 AM,10202017,
619,Data 537,758,5/2/2016 12:00:00 AM,10212017,
620,Data 538,759,5/2/2016 12:00:00 AM,10222017,
621,Data 539,760,5/2/2016 12:00:00 AM,10232017,
622,Data 540,761,5/2/2016 12:00:00 AM,10242017,
623,Data 541,762,5/2/2016 12:00:00 AM,10252017,
624,Data 542,763,5/2/2016 12:00:00 AM,10262017,
625,Data 543,764,5/2/2016 12:00:00 AM,10272017,
626,Data 544,765,5/2/2016 12:00:00 AM,10282017,
627,Data 545,766,5/2/2016 12:00:00 AM,10292017,
628,Data 546,767,5/2/2016 12:00:00 AM,10302017,
629,Data 547,768,5/2/2016 12:00:00 AM,10312017,
630,Data 548,769,5/2/2016 12:00:00 AM,1112017,
631,Data 549,770,5/2/2016 12:00:00 AM,1122017,
632,Data 550,771,5/2/2016 12:00:00 AM,1132017,
633,Data 551,772,5/2/2016 12:00:00 AM,1142017,
634,Data 552,773,5/2/2016 12:00:00 AM,1152017,
635,Data 553,774,5/2/2016 12:00:00 AM,1162017,
636,Data 554,775,5/2/2016 12:00:00 AM,1172017,
637,Data 555,776,5/2/2016 12:00:00 AM,1182017,
638,Data 556,777,5/2/2016 12:00:00 AM,1192017,
639,Data 557,778,5/2/2016 12:00:00 AM,11102017,
640,Data 558,779,5/2/2016 12:00:00 AM,11112017,
641,Data 559,780,5/2/2016 12:00:00 AM,11122017,
642,Data 560,781,5/2/2016 12:00:00 AM,11132017,
643,Data 561,782,5/2/2016 12:00:00 AM,11142017,
644,Data 562,783,5/2/2016 12:00:00 AM,11152017,
645,Data 563,784,5/2/2016 12:00:00 AM,11162017,
646,Data 564,785,5/2/2016 12:00:00 AM,11172017,
647,Data 565,786,5/2/2016 12:00:00 AM,11182017,
648,Data 566,787,5/2/2016 12:00:00 AM,11192017,
649,Data 567,788,5/2/2016 12:00:00 AM,11202017,
650,Data 568,789,5/2/2016 12:00:00 AM,11212017,
651,Data 569,790,5/2/2016 12:00:00 AM,11222017,
652,Data 570,791,5/2/2016 12:00:00 AM,11232017,
653,Data 571,792,5/2/2016 12:00:00 AM,11242017,
654,Data 572,793,5/2/2016 12:00:00 AM,11252017,
655,Data 573,794,5/2/2016 12:00:00 AM,11262017,
656,Data 574,795,5/2/2016 12:00:00 AM,11272017,
657,Data 575,796,5/2/2016 12:00:00 AM,11282017,
658,Data 576,797,5/2/2016 12:00:00 AM,11292017,
659,Data 577,798,5/2/2016 12:00:00 AM,11302017,
660,Data 578,799,5/2/2016 12:00:00 AM,1212017,
661,Data 579,800,5/2/2016 12:00:00 AM,1222017,
662,Data 580,801,5/2/2016 12:00:00 AM,1232017,
663,Data 581,802,5/2/2016 12:00:00 AM,1242017,
664,Data 582,803,5/2/2016 12:00:00 AM,1252017,
665,Data 583,804,5/2/2016 12:00:00 AM,1262017,
666,Data 584,805,5/2/2016 12:00:00 AM,1272017,
667,Data 585,806,5/2/2016 12:00:00 AM,1282017,
668,Data 586,807,5/2/2016 12:00:00 AM,1292017,
669,Data 587,808,5/2/2016 12:00:00 AM,12102017,
670,Data 588,809,5/2/2016 12:00:00 AM,12112017,
671,Data 589,810,5/2/2016 12:00:00 AM,12122017,
672,Data 590,811,5/2/2016 12:00:00 AM,12132017,
673,Data 591,812,5/2/2016 12:00:00 AM,12142017,
674,Data 592,813,5/2/2016 12:00:00 AM,12152017,
675,Data 593,814,5/2/2016 12:00:00 AM,12162017,
676,Data 594,815,5/2/2016 12:00:00 AM,12172017,
677,Data 595,816,5/2/2016 12:00:00 AM,12182017,
678,Data 596,817,5/2/2016 12:00:00 AM,12192017,
679,Data 597,818,5/2/2016 12:00:00 AM,12202017,
680,Data 598,819,5/2/2016 12:00:00 AM,12212017,
681,Data 599,820,5/2/2016 12:00:00 AM,12222017,
682,Data 600,821,5/2/2016 12:00:00 AM,12232017,
683,Data 601,822,5/2/2016 12:00:00 AM,12242017,
684,Data 602,823,5/2/2016 12:00:00 AM,12252017,
685,Data 603,824,5/2/2016 12:00:00 AM,12262017,
686,Data 604,825,5/2/2016 12:00:00 AM,12272017,
687,Data 605,826,5/2/2016 12:00:00 AM,12282017,
688,Data 606,827,5/2/2016 12:00:00 AM,12292017,
689,Data 607,828,5/2/2016 12:00:00 AM,12302017,
690,Data 608,829,5/2/2016 12:00:00 AM,12312017,
691,Data 609,830,5/2/2016 12:00:00 AM,112018,
692,Data 610,831,5/2/2016 12:00:00 AM,122018,
693,Data 611,832,5/2/2016 12:00:00 AM,132018,
694,Data 612,833,5/2/2016 12:00:00 AM,142018,
695,Data 613,834,5/2/2016 12:00:00 AM,152018,
696,Data 614,835,5/2/2016 12:00:00 AM,162018,
697,Data 615,836,5/2/2016 12:00:00 AM,172018,
698,Data 616,837,5/2/2016 12:00:00 AM,182018,
699,Data 617,838,5/2/2016 12:00:00 AM,192018,
700,Data 618,839,5/2/2016 12:00:00 AM,1102018,
701,Data 619,840,5/2/2016 12:00:00 AM,1112018,
702,Data 620,841,5/2/2016 12:00:00 AM,1122018,
703,Data 621,842,5/2/2016 12:00:00 AM,1132018,
704,Data 622,843,5/2/2016 12:00:00 AM,1142018,
705,Data 623,844,5/2/2016 12:00:00 AM,1152018,
706,Data 624,845,5/2/2016 12:00:00 AM,1162018,
707,Data 625,846,5/2/2016 12:00:00 AM,1172018,
708,Data 626,847,5/2/2016 12:00:00 AM,1182018,
709,Data 627,848,5/2/2016 12:00:00 AM,1192018,
710,Data 628,849,5/2/2016 12:00:00 AM,1202018,
711,Data 629,850,5/2/2016 12:00:00 AM,1212018,
712,Data 630,851,5/2/2016 12:00:00 AM,1222018,
713,Data 631,852,5/2/2016 12:00:00 AM,1232018,
714,Data 632,853,5/2/2016 12:00:00 AM,1242018,
715,Data 633,854,5/2/2016 12:00:00 AM,1252018,
716,Data 634,855,5/2/2016 12:00:00 AM,1262018,
717,Data 635,856,5/2/2016 12:00:00 AM,1272018,
718,Data 636,857,5/2/2016 12:00:00 AM,1282018,
719,Data 637,858,5/2/2016 12:00:00 AM,1292018,
720,Data 638,859,5/2/2016 12:00:00 AM,1302018,
721,Data 639,860,5/2/2016 12:00:00 AM,1312018,
722,Data 640,861,5/2/2016 12:00:00 AM,212018,
723,Data 641,862,5/2/2016 12:00:00 AM,222018,
724,Data 642,863,5/2/2016 12:00:00 AM,232018,
725,Data 643,864,5/2/2016 12:00:00 AM,242018,
726,Data 644,865,5/2/2016 12:00:00 AM,252018,
727,Data 645,866,5/2/2016 12:00:00 AM,262018,
728,Data 646,867,5/2/2016 12:00:00 AM,272018,
729,Data 647,868,5/2/2016 12:00:00 AM,282018,
730,Data 648,869,5/2/2016 12:00:00 AM,292018,
731,Data 649,870,5/2/2016 12:00:00 AM,2102018,
732,Data 650,871,5/2/2016 12:00:00 AM,2112018,
733,Data 651,872,5/2/2016 12:00:00 AM,2122018,
734,Data 652,873,5/2/2016 12:00:00 AM,2132018,
735,Data 653,874,5/2/2016 12:00:00 AM,2142018,
736,Data 654,875,5/2/2016 12:00:00 AM,2152018,
737,Data 655,876,5/2/2016 12:00:00 AM,2162018,
738,Data 656,877,5/2/2016 12:00:00 AM,2172018,
739,Data 657,878,5/2/2016 12:00:00 AM,2182018,
740,Data 658,879,5/2/2016 12:00:00 AM,2192018,
741,Data 659,880,5/2/2016 12:00:00 AM,2202018,
742,Data 660,881,5/2/2016 12:00:00 AM,2212018,
743,Data 661,882,5/2/2016 12:00:00 AM,2222018,
744,Data 662,883,5/2/2016 12:00:00 AM,2232018,
745,Data 663,884,5/2/2016 12:00:00 AM,2242018,
746,Data 664,885,5/2/2016 12:00:00 AM,2252018,
747,Data 665,886,5/2/2016 12:00:00 AM,2262018,
748,Data 666,887,5/2/2016 12:00:00 AM,2272018,
749,Data 667,888,5/2/2016 12:00:00 AM,2282018,
750,Data 668,889,5/2/2016 12:00:00 AM,312018,
751,Data 669,890,5/2/2016 12:00:00 AM,322018,
752,Data 670,891,5/2/2016 12:00:00 AM,332018,
753,Data 671,892,5/2/2016 12:00:00 AM,342018,
754,Data 672,893,5/2/2016 12:00:00 AM,352018,
755,Data 673,894,5/2/2016 12:00:00 AM,362018,
756,Data 674,895,5/2/2016 12:00:00 AM,372018,
757,Data 675,896,5/2/2016 12:00:00 AM,382018,
758,Data 676,897,5/2/2016 12:00:00 AM,392018,
759,Data 677,898,5/2/2016 12:00:00 AM,3102018,
760,Data 678,899,5/2/2016 12:00:00 AM,3112018,
761,Data 679,900,5/2/2016 12:00:00 AM,3122018,
762,Data 680,901,5/2/2016 12:00:00 AM,3132018,
763,Data 681,902,5/2/2016 12:00:00 AM,3142018,
764,Data 682,903,5/2/2016 12:00:00 AM,3152018,
765,Data 683,904,5/2/2016 12:00:00 AM,3162018,
766,Data 684,905,5/2/2016 12:00:00 AM,3172018,
767,Data 685,906,5/2/2016 12:00:00 AM,3182018,
768,Data 686,907,5/2/2016 12:00:00 AM,3192018,
769,Data 687,908,5/2/2016 12:00:00 AM,3202018,
770,Data 688,909,5/2/2016 12:00:00 AM,3212018,
771,Data 689,910,5/2/2016 12:00:00 AM,3222018,
772,Data 690,911,5/2/2016 12:00:00 AM,3232018,
773,Data 691,912,5/2/2016 12:00:00 AM,3242018,
774,Data 692,913,5/2/2016 12:00:00 AM,3252018,
775,Data 693,914,5/2/2016 12:00:00 AM,3262018,
776,Data 694,915,5/2/2016 12:00:00 AM,3272018,
777,Data 695,916,5/2/2016 12:00:00 AM,3282018,
778,Data 696,917,5/2/2016 12:00:00 AM,3292018,
779,Data 697,918,5/2/2016 12:00:00 AM,3302018,
780,Data 698,919,5/2/2016 12:00:00 AM,3312018,
781,Data 699,920,5/2/2016 12:00:00 AM,412018,
782,Data 700,921,5/2/2016 12:00:00 AM,422018,
783,Data 701,922,5/2/2016 12:00:00 AM,432018,
784,Data 702,923,5/2/2016 12:00:00 AM,442018,
785,Data 703,924,5/2/2016 12:00:00 AM,452018,
786,Data 704,925,5/2/2016 12:00:00 AM,462018,
787,Data 705,926,5/2/2016 12:00:00 AM,472018,
788,Data 706,927,5/2/2016 12:00:00 AM,482018,
789,Data 707,928,5/2/2016 12:00:00 AM,492018,
790,Data 708,929,5/2/2016 12:00:00 AM,4102018,
791,Data 709,930,5/2/2016 12:00:00 AM,4112018,
792,Data 710,931,5/2/2016 12:00:00 AM,4122018,
793,Data 711,932,5/2/2016 12:00:00 AM,4132018,
794,Data 712,933,5/2/2016 12:00:00 AM,4142018,
795,Data 713,934,5/2/2016 12:00:00 AM,4152018,
796,Data 714,935,5/2/2016 12:00:00 AM,4162018,
797,Data 715,936,5/2/2016 12:00:00 AM,4172018,
798,Data 716,937,5/2/2016 12:00:00 AM,4182018,
799,Data 717,938,5/2/2016 12:00:00 AM,4192018,
800,Data 718,939,5/2/2016 12:00:00 AM,4202018,
801,Data 719,940,5/2/2016 12:00:00 AM,4212018,
802,Data 720,941,5/2/2016 12:00:00 AM,4222018,
803,Data 721,942,5/2/2016 12:00:00 AM,4232018,
804,Data 722,943,5/2/2016 12:00:00 AM,4242018,
805,Data 723,944,5/2/2016 12:00:00 AM,4252018,
806,Data 724,945,5/2/2016 12:00:00 AM,4262018,
807,Data 725,946,5/2/2016 12:00:00 AM,4272018,
808,Data 726,947,5/2/2016 12:00:00 AM,4282018,
809,Data 727,948,5/2/2016 12:00:00 AM,4292018,
810,Data 728,949,5/2/2016 12:00:00 AM,4302018,
811,Data 729,950,5/2/2016 12:00:00 AM,512018,
812,Data 730,951,5/2/2016 12:00:00 AM,522018,
813,Data 731,952,5/2/2016 12:00:00 AM,532018,
814,Data 732,953,5/2/2016 12:00:00 AM,542018,
815,Data 733,954,5/2/2016 12:00:00 AM,552018,
816,Data 734,955,5/2/2016 12:00:00 AM,562018,
817,Data 735,956,5/2/2016 12:00:00 AM,572018,
818,Data 736,957,5/2/2016 12:00:00 AM,582018,
819,Data 737,958,5/2/2016 12:00:00 AM,592018,
820,Data 738,959,5/2/2016 12:00:00 AM,5102018,
821,Data 739,960,5/2/2016 12:00:00 AM,5112018,
822,Data 740,961,5/2/2016 12:00:00 AM,5122018,
823,Data 741,962,5/2/2016 12:00:00 AM,5132018,
824,Data 742,963,5/2/2016 12:00:00 AM,5142018,
825,Data 743,964,5/2/2016 12:00:00 AM,5152018,
826,Data 744,965,5/2/2016 12:00:00 AM,5162018,
827,Data 745,966,5/2/2016 12:00:00 AM,5172018,
828,Data 746,967,5/2/2016 12:00:00 AM,5182018,
829,Data 747,968,5/2/2016 12:00:00 AM,5192018,
830,Data 748,969,5/2/2016 12:00:00 AM,5202018,
831,Data 749,970,5/2/2016 12:00:00 AM,5212018,
832,Data 750,971,5/2/2016 12:00:00 AM,5222018,
833,Data 751,972,5/2/2016 12:00:00 AM,5232018,
834,Data 752,973,5/2/2016 12:00:00 AM,5242018,
835,Data 753,974,5/2/2016 12:00:00 AM,5252018,
836,Data 754,975,5/2/2016 12:00:00 AM,5262018,
837,Data 755,976,5/2/2016 12:00:00 AM,5272018,
838,Data 756,977,5/2/2016 12:00:00 AM,5282018,
839,Data 757,978,5/2/2016 12:00:00 AM,5292018,
840,Data 758,979,5/2/2016 12:00:00 AM,5302018,
841,Data 759,980,5/2/2016 12:00:00 AM,5312018,
842,Data 760,981,5/2/2016 12:00:00 AM,612018,
843,Data 761,982,5/2/2016 12:00:00 AM,622018,
844,Data 762,983,5/2/2016 12:00:00 AM,632018,
845,Data 763,984,5/2/2016 12:00:00 AM,642018,
846,Data 764,985,5/2/2016 12:00:00 AM,652018,
847,Data 765,986,5/2/2016 12:00:00 AM,662018,
848,Data 766,987,5/2/2016 12:00:00 AM,672018,
849,Data 767,988,5/2/2016 12:00:00 AM,682018,
850,Data 768,989,5/2/2016 12:00:00 AM,692018,
851,Data 769,990,5/2/2016 12:00:00 AM,6102018,
852,Data 770,991,5/2/2016 12:00:00 AM,6112018,
853,Data 771,992,5/2/2016 12:00:00 AM,6122018,
854,Data 772,993,5/2/2016 12:00:00 AM,6132018,
855,Data 773,994,5/2/2016 12:00:00 AM,6142018,
856,Data 774,995,5/2/2016 12:00:00 AM,6152018,
857,Data 775,996,5/2/2016 12:00:00 AM,6162018,
858,Data 776,997,5/2/2016 12:00:00 AM,6172018,
859,Data 777,998,5/2/2016 12:00:00 AM,6182018,
860,Data 778,999,5/2/2016 12:00:00 AM,6192018,
861,Data 779,1000,5/2/2016 12:00:00 AM,6202018,
862,Data 780,1001,5/2/2016 12:00:00 AM,6212018,
863,Data 781,1002,5/2/2016 12:00:00 AM,6222018,
864,Data 782,1003,5/2/2016 12:00:00 AM,6232018,
865,Data 783,1004,5/2/2016 12:00:00 AM,6242018,
866,Data 784,1005,5/2/2016 12:00:00 AM,6252018,
867,Data 785,1006,5/2/2016 12:00:00 AM,6262018,
868,Data 786,1007,5/2/2016 12:00:00 AM,6272018,
869,Data 787,1008,5/2/2016 12:00:00 AM,6282018,
870,Data 788,1009,5/2/2016 12:00:00 AM,6292018,
871,Data 789,1010,5/2/2016 12:00:00 AM,6302018,
872,Data 790,1011,5/2/2016 12:00:00 AM,712018,
873,Data 791,1012,5/2/2016 12:00:00 AM,722018,
874,Data 792,1013,5/2/2016 12:00:00 AM,732018,
875,Data 793,1014,5/2/2016 12:00:00 AM,742018,
876,Data 794,1015,5/2/2016 12:00:00 AM,752018,
877,Data 795,1016,5/2/2016 12:00:00 AM,762018,
878,Data 796,1017,5/2/2016 12:00:00 AM,772018,
879,Data 797,1018,5/2/2016 12:00:00 AM,782018,
880,Data 798,1019,5/2/2016 12:00:00 AM,792018,
881,Data 799,1020,5/2/2016 12:00:00 AM,7102018,
882,Data 800,1021,5/2/2016 12:00:00 AM,7112018,
883,Data 801,1022,5/2/2016 12:00:00 AM,7122018,
884,Data 802,1023,5/2/2016 12:00:00 AM,7132018,
885,Data 803,1024,5/2/2016 12:00:00 AM,7142018,
886,Data 804,1025,5/2/2016 12:00:00 AM,7152018,
887,Data 805,1026,5/2/2016 12:00:00 AM,7162018,
888,Data 806,1027,5/2/2016 12:00:00 AM,7172018,
889,Data 807,1028,5/2/2016 12:00:00 AM,7182018,
890,Data 808,1029,5/2/2016 12:00:00 AM,7192018,
891,Data 809,1030,5/2/2016 12:00:00 AM,7202018,
892,Data 810,1031,5/2/2016 12:00:00 AM,7212018,
893,Data 811,1032,5/2/2016 12:00:00 AM,7222018,
894,Data 812,1033,5/2/2016 12:00:00 AM,7232018,
895,Data 813,1034,5/2/2016 12:00:00 AM,7242018,
896,Data 814,1035,5/2/2016 12:00:00 AM,7252018,
897,Data 815,1036,5/2/2016 12:00:00 AM,7262018,
898,Data 816,1037,5/2/2016 12:00:00 AM,7272018,
899,Data 817,1038,5/2/2016 12:00:00 AM,7282018,
900,Data 818,1039,5/2/2016 12:00:00 AM,7292018,
901,Data 819,1040,5/2/2016 12:00:00 AM,7302018,
902,Data 820,1041,5/2/2016 12:00:00 AM,7312018,
903,Data 821,1042,5/2/2016 12:00:00 AM,812018,
904,Data 822,1043,5/2/2016 12:00:00 AM,822018,
905,Data 823,1044,5/2/2016 12:00:00 AM,832018,
906,Data 824,1045,5/2/2016 12:00:00 AM,842018,
907,Data 825,1046,5/2/2016 12:00:00 AM,852018,
908,Data 826,1047,5/2/2016 12:00:00 AM,862018,
909,Data 827,1048,5/2/2016 12:00:00 AM,872018,
910,Data 828,1049,5/2/2016 12:00:00 AM,882018,
911,Data 829,1050,5/2/2016 12:00:00 AM,892018,
912,Data 830,1051,5/2/2016 12:00:00 AM,8102018,
913,Data 831,1052,5/2/2016 12:00:00 AM,8112018,
914,Data 832,1053,5/2/2016 12:00:00 AM,8122018,
915,Data 833,1054,5/2/2016 12:00:00 AM,8132018,
916,Data 834,1055,5/2/2016 12:00:00 AM,8142018,
917,Data 835,1056,5/2/2016 12:00:00 AM,8152018,
918,Data 836,1057,5/2/2016 12:00:00 AM,8162018,
919,Data 837,1058,5/2/2016 12:00:00 AM,8172018,
920,Data 838,1059,5/2/2016 12:00:00 AM,8182018,
921,Data 839,1060,5/2/2016 12:00:00 AM,8192018,
922,Data 840,1061,5/2/2016 12:00:00 AM,8202018,
923,Data 841,1062,5/2/2016 12:00:00 AM,8212018,
924,Data 842,1063,5/2/2016 12:00:00 AM,8222018,
925,Data 843,1064,5/2/2016 12:00:00 AM,8232018,
926,Data 844,1065,5/2/2016 12:00:00 AM,8242018,
927,Data 845,1066,5/2/2016 12:00:00 AM,8252018,
928,Data 846,1067,5/2/2016 12:00:00 AM,8262018,
929,Data 847,1068,5/2/2016 12:00:00 AM,8272018,
930,Data 848,1069,5/2/2016 12:00:00 AM,8282018,
931,Data 849,1070,5/2/2016 12:00:00 AM,8292018,
932,Data 850,1071,5/2/2016 12:00:00 AM,8302018,
933,Data 851,1072,5/2/2016 12:00:00 AM,8312018,
934,Data 852,1073,5/2/2016 12:00:00 AM,912018,
935,Data 853,1074,5/2/2016 12:00:00 AM,922018,
936,Data 854,1075,5/2/2016 12:00:00 AM,932018,
937,Data 855,1076,5/2/2016 12:00:00 AM,942018,
938,Data 856,1077,5/2/2016 12:00:00 AM,952018,
939,Data 857,1078,5/2/2016 12:00:00 AM,962018,
940,Data 858,1079,5/2/2016 12:00:00 AM,972018,
941,Data 859,1080,5/2/2016 12:00:00 AM,982018,
942,Data 860,1081,5/2/2016 12:00:00 AM,992018,
943,Data 861,1082,5/2/2016 12:00:00 AM,9102018,
944,Data 862,1083,5/2/2016 12:00:00 AM,9112018,
945,Data 863,1084,5/2/2016 12:00:00 AM,9122018,
946,Data 864,1085,5/2/2016 12:00:00 AM,9132018,
947,Data 865,1086,5/2/2016 12:00:00 AM,9142018,
948,Data 866,1087,5/2/2016 12:00:00 AM,9152018,
949,Data 867,1088,5/2/2016 12:00:00 AM,9162018,
950,Data 868,1089,5/2/2016 12:00:00 AM,9172018,
951,Data 869,1090,5/2/2016 12:00:00 AM,9182018,
952,Data 870,1091,5/2/2016 12:00:00 AM,9192018,
953,Data 871,1092,5/2/2016 12:00:00 AM,9202018,
954,Data 872,1093,5/2/2016 12:00:00 AM,9212018,
955,Data 873,1094,5/2/2016 12:00:00 AM,9222018,
956,Data 874,1095,5/2/2016 12:00:00 AM,9232018,
957,Data 875,1096,5/2/2016 12:00:00 AM,9242018,
958,Data 876,1097,5/2/2016 12:00:00 AM,9252018,
959,Data 877,1098,5/2/2016 12:00:00 AM,9262018,
960,Data 878,1099,5/2/2016 12:00:00 AM,9272018,
961,Data 879,1100,5/2/2016 12:00:00 AM,9282018,
962,Data 880,1101,5/2/2016 12:00:00 AM,9292018,
963,Data 881,1102,5/2/2016 12:00:00 AM,9302018,
964,Data 882,1103,5/2/2016 12:00:00 AM,1012018,
965,Data 883,1104,5/2/2016 12:00:00 AM,1022018,
966,Data 884,1105,5/2/2016 12:00:00 AM,1032018,
967,Data 885,1106,5/2/2016 12:00:00 AM,1042018,
968,Data 886,1107,5/2/2016 12:00:00 AM,1052018,
969,Data 887,1108,5/2/2016 12:00:00 AM,1062018,
970,Data 888,1109,5/2/2016 12:00:00 AM,1072018,
971,Data 889,1110,5/2/2016 12:00:00 AM,1082018,
972,Data 890,1111,5/2/2016 12:00:00 AM,1092018,
973,Data 891,1112,5/2/2016 12:00:00 AM,10102018,
974,Data 892,1113,5/2/2016 12:00:00 AM,10112018,
975,Data 893,1114,5/2/2016 12:00:00 AM,10122018,
976,Data 894,1115,5/2/2016 12:00:00 AM,10132018,
977,Data 895,1116,5/2/2016 12:00:00 AM,10142018,
978,Data 896,1117,5/2/2016 12:00:00 AM,10152018,
979,Data 897,1118,5/2/2016 12:00:00 AM,10162018,
980,Data 898,1119,5/2/2016 12:00:00 AM,10172018,
981,Data 899,1120,5/2/2016 12:00:00 AM,10182018,
982,Data 900,1121,5/2/2016 12:00:00 AM,10192018,
983,Data 901,1122,5/2/2016 12:00:00 AM,10202018,
984,Data 902,1123,5/2/2016 12:00:00 AM,10212018,
985,Data 903,1124,5/2/2016 12:00:00 AM,10222018,
986,Data 904,1125,5/2/2016 12:00:00 AM,10232018,
987,Data 905,1126,5/2/2016 12:00:00 AM,10242018,
988,Data 906,1127,5/2/2016 12:00:00 AM,10252018,
989,Data 907,1128,5/2/2016 12:00:00 AM,10262018,
990,Data 908,1129,5/2/2016 12:00:00 AM,10272018,
991,Data 909,1130,5/2/2016 12:00:00 AM,10282018,
992,Data 910,1131,5/2/2016 12:00:00 AM,10292018,
993,Data 911,1132,5/2/2016 12:00:00 AM,10302018,
994,Data 912,1133,5/2/2016 12:00:00 AM,10312018,
995,Data 913,1134,5/2/2016 12:00:00 AM,1112018,
996,Data 914,1135,5/2/2016 12:00:00 AM,1122018,
997,Data 915,1136,5/2/2016 12:00:00 AM,1132018,
998,Data 916,1137,5/2/2016 12:00:00 AM,1142018,
999,Data 917,1138,5/2/2016 12:00:00 AM,1152018,
1000,Data 918,1139,5/2/2016 12:00:00 AM,1162018,
1001,Data 919,1140,5/2/2016 12:00:00 AM,1172018,
1002,Data 920,1141,5/2/2016 12:00:00 AM,1182018,
1003,Data 921,1142,5/2/2016 12:00:00 AM,1192018,
1004,Data 922,1143,5/2/2016 12:00:00 AM,11102018,
1005,Data 923,1144,5/2/2016 12:00:00 AM,11112018,
1006,Data 924,1145,5/2/2016 12:00:00 AM,11122018,
1007,Data 925,1146,5/2/2016 12:00:00 AM,11132018,
1008,Data 926,1147,5/2/2016 12:00:00 AM,11142018,
1009,Data 927,1148,5/2/2016 12:00:00 AM,11152018,
1010,Data 928,1149,5/2/2016 12:00:00 AM,11162018,
1011,Data 929,1150,5/2/2016 12:00:00 AM,11172018,
1012,Data 930,1151,5/2/2016 12:00:00 AM,11182018,
1013,Data 931,1152,5/2/2016 12:00:00 AM,11192018,
1014,Data 932,1153,5/2/2016 12:00:00 AM,11202018,
1015,Data 933,1154,5/2/2016 12:00:00 AM,11212018,
1016,Data 934,1155,5/2/2016 12:00:00 AM,11222018,
1017,Data 935,1156,5/2/2016 12:00:00 AM,11232018,
1018,Data 936,1157,5/2/2016 12:00:00 AM,11242018,
1019,Data 937,1158,5/2/2016 12:00:00 AM,11252018,
1020,Data 938,1159,5/2/2016 12:00:00 AM,11262018,
1021,Data 939,1160,5/2/2016 12:00:00 AM,11272018,
1022,Data 940,1161,5/2/2016 12:00:00 AM,11282018,
1023,Data 941,1162,5/2/2016 12:00:00 AM,11292018,
1024,Data 942,1163,5/2/2016 12:00:00 AM,11302018,
1025,Data 943,1164,5/2/2016 12:00:00 AM,1212018,
1026,Data 944,1165,5/2/2016 12:00:00 AM,1222018,
1027,Data 945,1166,5/2/2016 12:00:00 AM,1232018,
1028,Data 946,1167,5/2/2016 12:00:00 AM,1242018,
1029,Data 947,1168,5/2/2016 12:00:00 AM,1252018,
1030,Data 948,1169,5/2/2016 12:00:00 AM,1262018,
1031,Data 949,1170,5/2/2016 12:00:00 AM,1272018,
1032,Data 950,1171,5/2/2016 12:00:00 AM,1282018,
1033,Data 951,1172,5/2/2016 12:00:00 AM,1292018,
1034,Data 952,1173,5/2/2016 12:00:00 AM,12102018,
1035,Data 953,1174,5/2/2016 12:00:00 AM,12112018,
1036,Data 954,1175,5/2/2016 12:00:00 AM,12122018,
1037,Data 955,1176,5/2/2016 12:00:00 AM,12132018,
1038,Data 956,1177,5/2/2016 12:00:00 AM,12142018,
1039,Data 957,1178,5/2/2016 12:00:00 AM,12152018,
1040,Data 958,1179,5/2/2016 12:00:00 AM,12162018,
1041,Data 959,1180,5/2/2016 12:00:00 AM,12172018,
1042,Data 960,1181,5/2/2016 12:00:00 AM,12182018,
1043,Data 961,1182,5/2/2016 12:00:00 AM,12192018,
1044,Data 962,1183,5/2/2016 12:00:00 AM,12202018,
1045,Data 963,1184,5/2/2016 12:00:00 AM,12212018,
1046,Data 964,1185,5/2/2016 12:00:00 AM,12222018,
1047,Data 965,1186,5/2/2016 12:00:00 AM,12232018,
1048,Data 966,1187,5/2/2016 12:00:00 AM,12242018,
1049,Data 967,1188,5/2/2016 12:00:00 AM,12252018,
1050,Data 968,1189,5/2/2016 12:00:00 AM,12262018,
1051,Data 969,1190,5/2/2016 12:00:00 AM,12272018,
1052,Data 970,1191,5/2/2016 12:00:00 AM,12282018,
1053,Data 971,1192,5/2/2016 12:00:00 AM,12292018,
1054,Data 972,1193,5/2/2016 12:00:00 AM,12302018,
1055,Data 973,1194,5/2/2016 12:00:00 AM,12312018,
1056,Data 974,1195,5/2/2016 12:00:00 AM,112019,
1057,Data 975,1196,5/2/2016 12:00:00 AM,122019,
1058,Data 976,1197,5/2/2016 12:00:00 AM,132019,
1059,Data 977,1198,5/2/2016 12:00:00 AM,142019,
1060,Data 978,1199,5/2/2016 12:00:00 AM,152019,
1061,Data 979,1200,5/2/2016 12:00:00 AM,162019,
1062,Data 980,1201,5/2/2016 12:00:00 AM,172019,
1063,Data 981,1202,5/2/2016 12:00:00 AM,182019,
1064,Data 982,1203,5/2/2016 12:00:00 AM,192019,
1065,Data 983,1204,5/2/2016 12:00:00 AM,1102019,
1066,Data 984,1205,5/2/2016 12:00:00 AM,1112019,
1067,Data 985,1206,5/2/2016 12:00:00 AM,1122019,
1068,Data 986,1207,5/2/2016 12:00:00 AM,1132019,
1069,Data 987,1208,5/2/2016 12:00:00 AM,1142019,
1070,Data 988,1209,5/2/2016 12:00:00 AM,1152019,
1071,Data 989,1210,5/2/2016 12:00:00 AM,1162019,
1072,Data 990,1211,5/2/2016 12:00:00 AM,1172019,
1073,Data 991 Test,1212,5/2/2016 12:00:00 AM,1182019,
1074,Data 992,1213,5/2/2016 12:00:00 AM,1192019,
1075,Data 993,1214,5/2/2016 12:00:00 AM,1202019,
1076,Data 994,1215,5/2/2016 12:00:00 AM,1212019,
1077,Data 995,1216,5/2/2016 12:00:00 AM,1222019,
1078,Data 996,1217,5/2/2016 12:00:00 AM,1232019,
1079,Data 997,1218,5/2/2016 12:00:00 AM,1242019,
1080,Data 998,1219,5/2/2016 12:00:00 AM,1252019,
1081,Data 999,1220,5/2/2016 12:00:00 AM,1262019,
1082,Data 1000,1221,5/2/2016 12:00:00 AM,1272019,
1083,Data 1001,1222,5/2/2016 12:00:00 AM,1282019,
1084,Data 1002,1223,5/2/2016 12:00:00 AM,1292019,
1085,Data 1003,1224,5/2/2016 12:00:00 AM,1302019,
1099,Data 1017,1238,5/2/2016 12:00:00 AM,2132019,
1100,Data 1018,1239,5/2/2016 12:00:00 AM,2142019,
1101,Data 1019,1240,5/2/2016 12:00:00 AM,2152019,
1102,Data 1020,1241,5/2/2016 12:00:00 AM,2162019,
1103,Data 1021,1242,5/2/2016 12:00:00 AM,2172019,
1104,Data 1022,1243,5/2/2016 12:00:00 AM,2182019,
1105,Data 1023,1244,5/2/2016 12:00:00 AM,2192019,
1106,Data 1024,1245,5/2/2016 12:00:00 AM,2202019,
1107,Data 1025,1246,5/2/2016 12:00:00 AM,2212019,
1108,Data 1026,1247,5/2/2016 12:00:00 AM,2222019,
1109,Data 1027,1248,5/2/2016 12:00:00 AM,2232019,
1110,Data 1028,1249,5/2/2016 12:00:00 AM,2242019,
1111,Data 1029,1250,5/2/2016 12:00:00 AM,2252019,
1112,Data 1030,1251,5/2/2016 12:00:00 AM,2262019,
1113,Data 1031,1252,5/2/2016 12:00:00 AM,2272019,
1114,Data 1032,1253,5/2/2016 12:00:00 AM,2282019,
1115,Data 1033,1254,5/2/2016 12:00:00 AM,312019,
1116,Data 1034,1255,5/2/2016 12:00:00 AM,322019,
1117,Data 1035,1256,5/2/2016 12:00:00 AM,332019,
1118,Data 1036,1257,5/2/2016 12:00:00 AM,342019,
1119,Data 1037,1258,5/2/2016 12:00:00 AM,352019,
1120,Data 1038,1259,5/2/2016 12:00:00 AM,362019,
1121,Data 1039,1260,5/2/2016 12:00:00 AM,372019,
1122,Data 1040,1261,5/2/2016 12:00:00 AM,382019,
1123,Data 1041,1262,5/2/2016 12:00:00 AM,392019,
1124,Data 1042,1263,5/2/2016 12:00:00 AM,3102019,
1125,Data 1043,1264,5/2/2016 12:00:00 AM,3112019,
1126,Data 1044,1265,5/2/2016 12:00:00 AM,3122019,
1127,Data 1045,1266,5/2/2016 12:00:00 AM,3132019,
1128,Data 1046,1267,5/2/2016 12:00:00 AM,3142019,
1129,Data 1047,1268,5/2/2016 12:00:00 AM,3152019,
1130,Data 1048,1269,5/2/2016 12:00:00 AM,3162019,
1131,Data 1049,1270,5/2/2016 12:00:00 AM,3172019,
1132,Data 1050,1271,5/2/2016 12:00:00 AM,3182019,
1133,Data 1051,1272,5/2/2016 12:00:00 AM,3192019,
1134,Data 1052,1273,5/2/2016 12:00:00 AM,3202019,
1135,Data 1053,1274,5/2/2016 12:00:00 AM,3212019,
1136,Data 1054,1275,5/2/2016 12:00:00 AM,3222019,
1137,Data 1055,1276,5/2/2016 12:00:00 AM,3232019,
1138,Data 1056,1277,5/2/2016 12:00:00 AM,3242019,
1139,Data 1057,1278,5/2/2016 12:00:00 AM,3252019,
1140,Data 1058,1279,5/2/2016 12:00:00 AM,3262019,
1141,Data 1059,1280,5/2/2016 12:00:00 AM,3272019,
1142,Data 1060,1281,5/2/2016 12:00:00 AM,3282019,
1143,Data 1061,1282,5/2/2016 12:00:00 AM,3292019,
1144,Data 1062,1283,5/2/2016 12:00:00 AM,3302019,
1145,Data 1063,1284,5/2/2016 12:00:00 AM,3312019,
1146,Data 1064,1285,5/2/2016 12:00:00 AM,412019,
1147,Data 1065,1286,5/2/2016 12:00:00 AM,422019,
1148,Data 1066,1287,5/2/2016 12:00:00 AM,432019,
1149,Data 1067,1288,5/2/2016 12:00:00 AM,442019,
1150,Data 1068,1289,5/2/2016 12:00:00 AM,452019,
1151,Data 1069,1290,5/2/2016 12:00:00 AM,462019,
1152,Data 1070,1291,5/2/2016 12:00:00 AM,472019,
1153,Data 1071,1292,5/2/2016 12:00:00 AM,482019,
1154,Data 1072,1293,5/2/2016 12:00:00 AM,492019,
1155,Data 1073,1294,5/2/2016 12:00:00 AM,4102019,
1156,Data 1074,1295,5/2/2016 12:00:00 AM,4112019,
1157,Data 1075,1296,5/2/2016 12:00:00 AM,4122019,
1158,Data 1076,1297,5/2/2016 12:00:00 AM,4132019,
1159,Data 1077,1298,5/2/2016 12:00:00 AM,4142019,
1160,Data 1078,1299,5/2/2016 12:00:00 AM,4152019,
1161,Data 1079,1300,5/2/2016 12:00:00 AM,4162019,
1162,Data 1080,1301,5/2/2016 12:00:00 AM,4172019,
1163,Data 1081,1302,5/2/2016 12:00:00 AM,4182019,
1164,Data 1082,1303,5/2/2016 12:00:00 AM,4192019,
1165,Data 1083,1304,5/2/2016 12:00:00 AM,4202019,
1166,Data 1084,1305,5/2/2016 12:00:00 AM,4212019,
1167,Data 1085,1306,5/2/2016 12:00:00 AM,4222019,
1168,Data 1086,1307,5/2/2016 12:00:00 AM,4232019,
1169,Data 1087,1308,5/2/2016 12:00:00 AM,4242019,
1170,Data 1088,1309,5/2/2016 12:00:00 AM,4252019,
1171,Data 1089,1310,5/2/2016 12:00:00 AM,4262019,
1172,Data 1090,1311,5/2/2016 12:00:00 AM,4272019,
1173,Data 1091,1312,5/2/2016 12:00:00 AM,4282019,
1174,Data 1092,1313,5/2/2016 12:00:00 AM,4292019,
1175,Data 1093,1314,5/2/2016 12:00:00 AM,4302019,
1176,Data 1094,1315,5/2/2016 12:00:00 AM,512019,
1177,Data 1095,1316,5/2/2016 12:00:00 AM,522019,
1178,Data 1096,1317,5/2/2016 12:00:00 AM,532019,
1179,Data 1097,1318,5/2/2016 12:00:00 AM,542019,
1180,Data 1098,1319,5/2/2016 12:00:00 AM,552019,
1181,Data 1099,1320,5/2/2016 12:00:00 AM,562019,
1182,Data 1100,1321,5/2/2016 12:00:00 AM,572019,
1183,Data 1101,1322,5/2/2016 12:00:00 AM,582019,
1184,Data 1102,1323,5/2/2016 12:00:00 AM,592019,
1185,Data 1103,1324,5/2/2016 12:00:00 AM,5102019,
1186,Data 1104,1325,5/2/2016 12:00:00 AM,5112019,
1187,Data 1105,1326,5/2/2016 12:00:00 AM,5122019,
1188,Data 1106,1327,5/2/2016 12:00:00 AM,5132019,
1189,Data 1107,1328,5/2/2016 12:00:00 AM,5142019,
1190,Data 1108,1329,5/2/2016 12:00:00 AM,5152019,
1191,Data 1109,1330,5/2/2016 12:00:00 AM,5162019,
1192,Data 1110,1331,5/2/2016 12:00:00 AM,5172019,
1193,Data 1111,1332,5/2/2016 12:00:00 AM,5182019,
1194,Data 1112,1333,5/2/2016 12:00:00 AM,5192019,
1195,Data 1113,1334,5/2/2016 12:00:00 AM,5202019,
1196,Data 1114,1335,5/2/2016 12:00:00 AM,5212019,
1197,Data 1115,1336,5/2/2016 12:00:00 AM,5222019,
1198,Data 1116,1337,5/2/2016 12:00:00 AM,5232019,
1199,Data 1117,1338,5/2/2016 12:00:00 AM,5242019,
1200,Data 1118,1339,5/2/2016 12:00:00 AM,5252019,
1201,Data 1119,1340,5/2/2016 12:00:00 AM,5262019,
1202,Data 1120,1341,5/2/2016 12:00:00 AM,5272019,
1203,Data 1121,1342,5/2/2016 12:00:00 AM,5282019,
1204,Data 1122,1343,5/2/2016 12:00:00 AM,5292019,
1205,Data 1123,1344,5/2/2016 12:00:00 AM,5302019,
1206,Data 1124,1345,5/2/2016 12:00:00 AM,5312019,
1207,Data 1125,1346,5/2/2016 12:00:00 AM,612019,
1208,Data 1126,1347,5/2/2016 12:00:00 AM,622019,
1209,Data 1127,1348,5/2/2016 12:00:00 AM,632019,
1210,Data 1128,1349,5/2/2016 12:00:00 AM,642019,
1211,Data 1129,1350,5/2/2016 12:00:00 AM,652019,
1212,Data 1130,1351,5/2/2016 12:00:00 AM,662019,
1213,Data 1131,1352,5/2/2016 12:00:00 AM,672019,
1214,Data 1132,1353,5/2/2016 12:00:00 AM,682019,
1215,Data 1133,1354,5/2/2016 12:00:00 AM,692019,
1216,Data 1134,1355,5/2/2016 12:00:00 AM,6102019,
1217,Data 1135,1356,5/2/2016 12:00:00 AM,6112019,
1218,Data 1136,1357,5/2/2016 12:00:00 AM,6122019,
1219,Data 1137,1358,5/2/2016 12:00:00 AM,6132019,
1220,Data 1138,1359,5/2/2016 12:00:00 AM,6142019,
1221,Data 1139,1360,5/2/2016 12:00:00 AM,6152019,
1222,Data 1140,1361,5/2/2016 12:00:00 AM,6162019,
1223,Data 1141,1362,5/2/2016 12:00:00 AM,6172019,
1224,Data 1142,1363,5/2/2016 12:00:00 AM,6182019,
1225,Data 1143,1364,5/2/2016 12:00:00 AM,6192019,
1226,Data 1144,1365,5/2/2016 12:00:00 AM,6202019,
1227,Data 1145,1366,5/2/2016 12:00:00 AM,6212019,
1228,Data 1146,1367,5/2/2016 12:00:00 AM,6222019,
1229,Data 1147,1368,5/2/2016 12:00:00 AM,6232019,
1230,Data 1148,1369,5/2/2016 12:00:00 AM,6242019,
1231,Data 1149,1370,5/2/2016 12:00:00 AM,6252019,
1232,Data 1150,1371,5/2/2016 12:00:00 AM,6262019,
1233,Data 1151,1372,5/2/2016 12:00:00 AM,6272019,
1234,Data 1152,1373,5/2/2016 12:00:00 AM,6282019,
1235,Data 1153,1374,5/2/2016 12:00:00 AM,6292019,
1236,Data 1154,1375,5/2/2016 12:00:00 AM,6302019,
1237,Data 1155,1376,5/2/2016 12:00:00 AM,712019,
1238,Data 1156,1377,5/2/2016 12:00:00 AM,722019,
1239,Data 1157,1378,5/2/2016 12:00:00 AM,732019,
1240,Data 1158,1379,5/2/2016 12:00:00 AM,742019,
1241,Data 1159,1380,5/2/2016 12:00:00 AM,752019,
1242,Data 1160,1381,5/2/2016 12:00:00 AM,762019,
1243,Data 1161,1382,5/2/2016 12:00:00 AM,772019,
1244,Data 1162,1383,5/2/2016 12:00:00 AM,782019,
1245,Data 1163,1384,5/2/2016 12:00:00 AM,792019,
1246,Data 1164,1385,5/2/2016 12:00:00 AM,7102019,
1247,Data 1165,1386,5/2/2016 12:00:00 AM,7112019,
1248,Data 1166,1387,5/2/2016 12:00:00 AM,7122019,
1249,Data 1167,1388,5/2/2016 12:00:00 AM,7132019,
1250,Data 1168,1389,5/2/2016 12:00:00 AM,7142019,
1251,Data 1169,1390,5/2/2016 12:00:00 AM,7152019,
1252,Data 1170,1391,5/2/2016 12:00:00 AM,7162019,
1253,Data 1171,1392,5/2/2016 12:00:00 AM,7172019,
1254,Data 1172,1393,5/2/2016 12:00:00 AM,7182019,
1255,Data 1173,1394,5/2/2016 12:00:00 AM,7192019,
1256,Data 1174,1395,5/2/2016 12:00:00 AM,7202019,
1257,Data 1175,1396,5/2/2016 12:00:00 AM,7212019,
1258,Data 1176,1397,5/2/2016 12:00:00 AM,7222019,
1259,Data 1177,1398,5/2/2016 12:00:00 AM,7232019,
1260,Data 1178,1399,5/2/2016 12:00:00 AM,7242019,
1261,Data 1179,1400,5/2/2016 12:00:00 AM,7252019,
1262,Data 1180,1401,5/2/2016 12:00:00 AM,7262019,
1263,Data 1181,1402,5/2/2016 12:00:00 AM,7272019,
1264,Data 1182,1403,5/2/2016 12:00:00 AM,7282019,
1265,Data 1183,1404,5/2/2016 12:00:00 AM,7292019,
1266,Data 1184,1405,5/2/2016 12:00:00 AM,7302019,
1267,Data 1185,1406,5/2/2016 12:00:00 AM,7312019,
1268,Data 1186,1407,5/2/2016 12:00:00 AM,812019,
1269,Data 1187,1408,5/2/2016 12:00:00 AM,822019,
1270,Data 1188,1409,5/2/2016 12:00:00 AM,832019,
1271,Data 1189,1410,5/2/2016 12:00:00 AM,842019,
1272,Data 1190,1411,5/2/2016 12:00:00 AM,852019,
1273,Data 1191,1412,5/2/2016 12:00:00 AM,862019,
1274,Data 1192,1413,5/2/2016 12:00:00 AM,872019,
1275,Data 1193,1414,5/2/2016 12:00:00 AM,882019,
1276,Data 1194,1415,5/2/2016 12:00:00 AM,892019,
1277,Data 1195,1416,5/2/2016 12:00:00 AM,8102019,
1278,Data 1196,1417,5/2/2016 12:00:00 AM,8112019,
1279,Data 1197,1418,5/2/2016 12:00:00 AM,8122019,
1280,Data 1198,1419,5/2/2016 12:00:00 AM,8132019,
1281,Data 1199,1420,5/2/2016 12:00:00 AM,8142019,
1282,Data 1200,1421,5/2/2016 12:00:00 AM,8152019,
1283,Data 1201,1422,5/2/2016 12:00:00 AM,8162019,
1284,Data 1202,1423,5/2/2016 12:00:00 AM,8172019,
1285,Data 1203,1424,5/2/2016 12:00:00 AM,8182019,
1286,Data 1204,1425,5/2/2016 12:00:00 AM,8192019,
1287,Data 1205,1426,5/2/2016 12:00:00 AM,8202019,
1288,Data 1206,1427,5/2/2016 12:00:00 AM,8212019,
1289,Data 1207,1428,5/2/2016 12:00:00 AM,8222019,
1290,Data 1208,1429,5/2/2016 12:00:00 AM,8232019,
1291,Data 1209,1430,5/2/2016 12:00:00 AM,8242019,
1292,Data 1210,1431,5/2/2016 12:00:00 AM,8252019,
1293,Data 1211,1432,5/2/2016 12:00:00 AM,8262019,
1294,Data 1212,1433,5/2/2016 12:00:00 AM,8272019,
1295,Data 1213,1434,5/2/2016 12:00:00 AM,8282019,
1296,Data 1214,1435,5/2/2016 12:00:00 AM,8292019,
1297,Data 1215,1436,5/2/2016 12:00:00 AM,8302019,
1298,Data 1216,1437,5/2/2016 12:00:00 AM,8312019,
1299,Data 1217,1438,5/2/2016 12:00:00 AM,912019,
1300,Data 1218,1439,5/2/2016 12:00:00 AM,922019,
1301,Data 1219,1440,5/2/2016 12:00:00 AM,932019,
1302,Data 1220,1441,5/2/2016 12:00:00 AM,942019,
1303,Data 1221,1442,5/2/2016 12:00:00 AM,952019,
1304,Data 1222,1443,5/2/2016 12:00:00 AM,962019,
1305,Data 1223,1444,5/2/2016 12:00:00 AM,972019,
1306,Data 1224,1445,5/2/2016 12:00:00 AM,982019,
1307,Data 1225,1446,5/2/2016 12:00:00 AM,992019,
1308,Data 1226,1447,5/2/2016 12:00:00 AM,9102019,
1309,Data 1227,1448,5/2/2016 12:00:00 AM,9112019,
1310,Data 1228,1449,5/2/2016 12:00:00 AM,9122019,
1311,Data 1229,1450,5/2/2016 12:00:00 AM,9132019,
1312,Data 1230,1451,5/2/2016 12:00:00 AM,9142019,
1313,Data 1231,1452,5/2/2016 12:00:00 AM,9152019,
1314,Data 1232,1453,5/2/2016 12:00:00 AM,9162019,
1315,Data 1233,1454,5/2/2016 12:00:00 AM,9172019,
1316,Data 1234,1455,5/2/2016 12:00:00 AM,9182019,
1317,Data 1235,1456,5/2/2016 12:00:00 AM,9192019,
1318,Data 1236,1457,5/2/2016 12:00:00 AM,9202019,
1319,Data 1237,1458,5/2/2016 12:00:00 AM,9212019,
1320,Data 1238,1459,5/2/2016 12:00:00 AM,9222019,
1321,Data 1239,1460,5/2/2016 12:00:00 AM,9232019,
1322,Data 1240,1461,5/2/2016 12:00:00 AM,9242019,
1323,Data 1241,1462,5/2/2016 12:00:00 AM,9252019,
1324,Data 1242,1463,5/2/2016 12:00:00 AM,9262019,
1325,Data 1243,1464,5/2/2016 12:00:00 AM,9272019,
1326,Data 1244,1465,5/2/2016 12:00:00 AM,9282019,
1327,Data 1245,1466,5/2/2016 12:00:00 AM,9292019,
1328,Data 1246,1467,5/2/2016 12:00:00 AM,9302019,
1329,Data 1247,1468,5/2/2016 12:00:00 AM,1012019,
1330,Data 1248,1469,5/2/2016 12:00:00 AM,1022019,
1331,Data 1249,1470,5/2/2016 12:00:00 AM,1032019,
1332,Data 1250,1471,5/2/2016 12:00:00 AM,1042019,
1333,Data 1251,1472,5/2/2016 12:00:00 AM,1052019,
1334,Data 1252,1473,5/2/2016 12:00:00 AM,1062019,
1335,Data 1253,1474,5/2/2016 12:00:00 AM,1072019,
1336,Data 1254,1475,5/2/2016 12:00:00 AM,1082019,
1337,Data 1255,1476,5/2/2016 12:00:00 AM,1092019,
1338,Data 1256,1477,5/2/2016 12:00:00 AM,10102019,
1339,Data 1257,1478,5/2/2016 12:00:00 AM,10112019,
1340,Data 1258,1479,5/2/2016 12:00:00 AM,10122019,
1341,Data 1259,1480,5/2/2016 12:00:00 AM,10132019,
1342,Data 1260,1481,5/2/2016 12:00:00 AM,10142019,
1343,Data 1261,1482,5/2/2016 12:00:00 AM,10152019,
1344,Data 1262,1483,5/2/2016 12:00:00 AM,10162019,
1345,Data 1263,1484,5/2/2016 12:00:00 AM,10172019,
1346,Data 1264,1485,5/2/2016 12:00:00 AM,10182019,
1347,Data 1265,1486,5/2/2016 12:00:00 AM,10192019,
1348,Data 1266,1487,5/2/2016 12:00:00 AM,10202019,
1349,Data 1267,1488,5/2/2016 12:00:00 AM,10212019,
1350,Data 1268,1489,5/2/2016 12:00:00 AM,10222019,
1351,Data 1269,1490,5/2/2016 12:00:00 AM,10232019,
1352,Data 1270,1491,5/2/2016 12:00:00 AM,10242019,
1353,Data 1271,1492,5/2/2016 12:00:00 AM,10252019,
1354,Data 1272,1493,5/2/2016 12:00:00 AM,10262019,
1355,Data 1273,1494,5/2/2016 12:00:00 AM,10272019,
1356,Data 1274,1495,5/2/2016 12:00:00 AM,10282019,
1357,Data 1275,1496,5/2/2016 12:00:00 AM,10292019,
1358,Data 1276,1497,5/2/2016 12:00:00 AM,10302019,
1359,Data 1277,1498,5/2/2016 12:00:00 AM,10312019,
1360,Data 1278,1499,5/2/2016 12:00:00 AM,1112019,
1361,Data 1279,1500,5/2/2016 12:00:00 AM,1122019,
1362,Data 1280,1501,5/2/2016 12:00:00 AM,1132019,
1363,Data 1281,1502,5/2/2016 12:00:00 AM,1142019,
1364,Data 1282,1503,5/2/2016 12:00:00 AM,1152019,
1365,Data 1283,1504,5/2/2016 12:00:00 AM,1162019,
1366,Data 1284,1505,5/2/2016 12:00:00 AM,1172019,
1367,Data 1285,1506,5/2/2016 12:00:00 AM,1182019,
1368,Data 1286,1507,5/2/2016 12:00:00 AM,1192019,
1369,Data 1287,1508,5/2/2016 12:00:00 AM,11102019,
1370,Data 1288,1509,5/2/2016 12:00:00 AM,11112019,
1371,Data 1289,1510,5/2/2016 12:00:00 AM,11122019,
1372,Data 1290,1511,5/2/2016 12:00:00 AM,11132019,
1373,Data 1291,1512,5/2/2016 12:00:00 AM,11142019,
